_unit_id,_created_at,_updated_at,id,transcription,url
873600714,2/2/2016 16:53:39,2/2/2016 16:53:39,1,ydrn,http://s23.postimg.org/5251gmkjf/0_1039887523084.jpg
873600715,2/2/2016 16:53:39,2/2/2016 16:53:39,2,tbta,http://s2.postimg.org/xhg5ozoyh/0_1145622891645.jpg
873600716,2/2/2016 16:53:39,2/2/2016 16:53:39,3,bawb,http://s11.postimg.org/x1mrmbkvn/0_1366121897745.jpg
873600717,2/2/2016 16:53:39,2/2/2016 16:53:39,4,swfd,http://s30.postimg.org/nap4btrqp/0_1500734389565.jpg
873600718,2/2/2016 16:53:39,2/2/2016 16:53:39,5,rrgq,http://s9.postimg.org/x3dm7ctkv/0_1552355921167.jpg
873600719,2/2/2016 16:53:39,2/2/2016 16:53:39,6,rcnb,http://s16.postimg.org/bafplyuhh/0_1822626922085.jpg
873600720,2/2/2016 16:53:39,2/2/2016 16:53:39,7,wwch,http://s10.postimg.org/68nniratl/0_1875613199818.jpg
873600721,2/2/2016 16:53:39,2/2/2016 16:53:39,8,yqch,http://s12.postimg.org/6v243sxt9/0_1936348698373.jpg
873600722,2/2/2016 16:53:39,2/2/2016 16:53:39,9,ehqn,http://s17.postimg.org/aoc9xha73/0_10148679938084.jpg
873600723,2/2/2016 16:53:39,2/2/2016 16:53:39,10,zegp,http://s28.postimg.org/qi0it8ezh/0_10357780598952.jpg
873600725,2/2/2016 16:53:39,2/2/2016 16:53:39,11,dbhw,http://s2.postimg.org/qfiom62ah/0_10744373740545.jpg
873600726,2/2/2016 16:53:39,2/2/2016 16:53:39,12,wqyw,http://s4.postimg.org/99swbky25/0_10826669361359.jpg
873600727,2/2/2016 16:53:39,2/2/2016 16:53:39,13,cdmn,http://s29.postimg.org/v7v1w0qdj/0_11152930169283.jpg
873600728,2/2/2016 16:53:39,2/2/2016 16:53:39,14,bror,http://s30.postimg.org/79wzi8asx/0_11493714906192.jpg
873600729,2/2/2016 16:53:39,2/2/2016 16:53:39,15,rybs,http://s24.postimg.org/84yx51ryt/0_11519062247044.jpg
873600730,2/2/2016 16:53:39,2/2/2016 16:53:39,16,moms,http://s27.postimg.org/vnodn4vgz/0_11846190512097.jpg
873600731,2/2/2016 16:53:39,2/2/2016 16:53:39,17,yfyo,http://s16.postimg.org/qpodzy3md/0_11961010245523.jpg
873600732,2/2/2016 16:53:39,2/2/2016 16:53:39,18,pwbq,http://s4.postimg.org/cjl3n9qb1/0_12491295168093.jpg
873600733,2/2/2016 16:53:40,2/2/2016 16:53:40,19,whqw,http://s29.postimg.org/z76i3g03r/0_12567819382912.jpg
873600734,2/2/2016 16:53:40,2/2/2016 16:53:40,20,tnrb,http://s27.postimg.org/m0ynin6mr/0_12941222621976.jpg
873600735,2/2/2016 16:53:40,2/2/2016 16:53:40,21,ydhy,http://s10.postimg.org/gvr3z1eo9/0_13580187627031.jpg
873600736,2/2/2016 16:53:40,2/2/2016 16:53:40,22,wapy,http://s8.postimg.org/curkka9gl/0_13624429314314.jpg
873600737,2/2/2016 16:53:40,2/2/2016 16:53:40,23,bbhq,http://s28.postimg.org/4oh61ewv1/0_13649451088077.jpg
873600738,2/2/2016 16:53:40,2/2/2016 16:53:40,24,bhhe,http://s12.postimg.org/muuey7pkd/0_14049967315896.jpg
873600739,2/2/2016 16:53:40,2/2/2016 16:53:40,25,treb,http://s4.postimg.org/e9rrt6uzx/0_14308082762091.jpg
873600740,2/2/2016 16:53:40,2/2/2016 16:53:40,26,bhcs,http://s1.postimg.org/pg2eg3x9r/0_14407750971532.jpg
873600741,2/2/2016 16:53:40,2/2/2016 16:53:40,27,fosp,http://s10.postimg.org/qdeymw4g9/0_14788117220542.jpg
873600742,2/2/2016 16:53:40,2/2/2016 16:53:40,28,zwcf,http://s29.postimg.org/vfkiy0x3b/0_14978812223217.jpg
873600744,2/2/2016 16:53:40,2/2/2016 16:53:40,29,pygy,http://s4.postimg.org/sgckljc6l/0_15003760934724.jpg
873600745,2/2/2016 16:53:40,2/2/2016 16:53:40,30,qhhr,http://s13.postimg.org/4cji23zt3/0_15328135674736.jpg
