_unit_id,_created_at,_updated_at,middlename,name
873596789,2/2/2016 16:30:12,2/2/2016 16:30:12,Irwin,Charlie Sheen
873596790,2/2/2016 16:30:12,2/2/2016 16:30:12,Wroughton,Daniel Craig
873596791,2/2/2016 16:30:12,2/2/2016 16:30:12,Karamchand,Mohandas Gandhi
873596792,2/2/2016 16:30:12,2/2/2016 16:30:12,Ernestine,Diana Ross
873596793,2/2/2016 16:30:12,2/2/2016 16:30:12,Fauntleroy,Donald Duck
873596794,2/2/2016 16:30:12,2/2/2016 16:30:12,John Mungo,Hugh Grant
873596795,2/2/2016 16:30:13,2/2/2016 16:30:13,Noel,Kim Kardashian
873596796,2/2/2016 16:30:13,2/2/2016 16:30:13,Wilhem,Leonardo DiCaprio
873596797,2/2/2016 16:30:13,2/2/2016 16:30:13,Delight,Quincy Jones
873596798,2/2/2016 16:30:13,2/2/2016 16:30:13,Joan of Arc,Rain Phoenix
873596800,2/2/2016 16:30:13,2/2/2016 16:30:13,Nathaniel Twisleton Wykeham,Ralph Fiennes
873596801,2/2/2016 16:30:13,2/2/2016 16:30:13,Stamantina,Elizabeth Fey
873596802,2/2/2016 16:30:13,2/2/2016 16:30:13,Knight,Zachary Galifianakis
873596803,2/2/2016 16:30:13,2/2/2016 16:30:13,Erhard,Hilary Duff
873596804,2/2/2016 16:30:13,2/2/2016 16:30:13,Paige,Matthew Damon
873596805,2/2/2016 16:30:13,2/2/2016 16:30:13,Garry,Kate Hudson
873596806,2/2/2016 16:30:13,2/2/2016 16:30:13,Karuna,Uma Thurman
873596807,2/2/2016 16:30:13,2/2/2016 16:30:13,Caroline Nonnenmacher,Gisele Bundchen
873596808,2/2/2016 16:30:13,2/2/2016 16:30:13,Tiffany,Richard Gere
873596809,2/2/2016 16:30:13,2/2/2016 16:30:13,Bass,Courtney Cox
